{
	"format_version": "1.8.0",
	"animations": {
		"animation.zombie_walker.idle": {
			"loop": true,
			"animation_length": 2,
			"bones": {
				"body": {
					"rotation": {
						"0.0": [0, 0, 0],
						"1.0": [-2.5, 0, 0],
						"2.0": [0, 0, 0]
					}
				},
				"head": {
					"position": {
						"0.0": [0, 0, 0],
						"1.0": [0, 0, 0.5],
						"2.0": [0, 0, 0]
					}
				},
				"rightArm": {
					"rotation": {
						"0.0": [0, 0, 0],
						"1.0": [0, 0, 5],
						"2.0": [0, 0, 0]
					}
				},
				"leftArm": {
					"rotation": {
						"0.0": [0, 0, 0],
						"1.0": [0, 0, -5],
						"2.0": [0, 0, 0]
					}
				}
			}
		},
		"animation.zombie_walker.walking": {
			"loop": true,
			"animation_length": 2.4,
			"bones": {
				"true_zombie_walker": {
					"rotation": {
						"0.0": [0, 0, 0],
						"0.4": [10, 0, -2.5],
						"0.8": [0, 0, 0],
						"1.2": [7.5, 0, -2.5],
						"1.6": [0, 0, 0]
					},
					"position": {
						"0.0": [0, 0, 0],
						"0.4": [0, 1, 0],
						"0.8": [0, 0, 0],
						"1.2": [0, 1, 0],
						"1.6": [0, 0, 0]
					}
				},
				"body": {
					"rotation": {
						"0.0": [0, 0, 0],
						"0.3": [2.62353, 7.24305, 1.95155],
						"0.6": [5, 0, 0],
						"0.9": [2.62353, -7.24305, -1.95155],
						"1.2": [0, 0, 0],
						"1.5": [2.62353, 7.24305, 1.95155],
						"1.8": [5, 0, 0],
						"2.1": [2.62353, -7.24305, -1.95155],
						"2.4": [0, 0, 0]
					}
				},
				"head": {
					"rotation": {
						"0.0": [-20, 0, 0],
						"0.3": [-10.10985, 1.40818, -7.38023],
						"0.6": [-10, 0, 0],
						"0.9": [-12.52052, 0.04086, 7.82961],
						"1.2": [-20, 0, 0],
						"1.5": [-15.4745, 4.84122, -14.05933],
						"1.8": [-10, 0, 0],
						"2.1": [-9.95524, -0.93447, 10.39337],
						"2.4": [-20, 0, 0]
					},
					"position": {
						"0.0": [0, 0, 0],
						"0.6": [0, -1, -1],
						"1.2": [0, 0, 0],
						"1.8": [0, -1, -1],
						"2.4": [0, 0, 0]
					}
				},
				"rightArm": {
					"rotation": {
						"0.0": [-62.73129, -7.33556, -1.57997],
						"0.3": [-69.61794, -1.12769, 6.48949],
						"0.9": [-53.27717, -11.1905, -8.36441],
						"1.2": [-62.73129, -7.33556, -1.57997],
						"1.5": [-70.31768, -11.63635, 5.03364],
						"2.1": [-62.58144, -10.37291, 27.32987],
						"2.4": [-62.73129, -7.33556, -1.57997]
					},
					"position": {
						"0.0": [0, 0, 0],
						"0.6": [0, -1, -1],
						"1.2": [0, 0, 0],
						"1.8": [0, -1, -1],
						"2.4": [0, 0, 0]
					}
				},
				"leftArm": {
					"rotation": {
						"0.0": [-56.0061, 17.22888, 3.24028],
						"0.3": [-44.78029, 29.22457, -2.91794],
						"0.9": [-65.82028, 11.79257, -3.22259],
						"1.2": [-56.0061, 17.22888, 3.24028],
						"1.5": [-44.47185, 21.25441, -24.93109],
						"2.1": [-63.78118, 34.05756, 11.86259],
						"2.4": [-56.0061, 17.22888, 3.24028]
					},
					"position": {
						"0.0": [0, 0, 0],
						"0.6": [0, -1, -1],
						"1.2": [0, 0, 0],
						"1.8": [0, -1, -1],
						"2.4": [0, 0, 0]
					}
				},
				"rightLeg": {
					"rotation": {
						"0.0": [0, 0, 0],
						"0.3": [-30, 0, 0],
						"0.6": [0, 0, 0],
						"0.9": [35, 0, 0],
						"1.2": [0, 0, 0],
						"1.5": [-30, 0, 0],
						"1.8": [0, 0, 0],
						"2.1": [35, 0, 0],
						"2.4": [0, 0, 0]
					}
				},
				"leftLeg": {
					"rotation": {
						"0.0": [0, 0, 0],
						"0.3": [20, 0, 0],
						"0.6": [0, 0, 0],
						"0.9": [-15, 0, 0],
						"1.2": [0, 0, 0],
						"1.5": [20, 0, 0],
						"1.8": [0, 0, 0],
						"2.1": [-15, 0, 0],
						"2.4": [0, 0, 0]
					}
				},
				"zombie_walker": {
					"position": {
						"0.0": [0, 0, 0],
						"0.3": [0, -1, 0],
						"0.6": [0, 0, 0],
						"0.9": [0, -1, 0],
						"1.2": [0, 0, 0],
						"1.5": [0, -1, 0],
						"1.8": [0, 0, 0],
						"2.1": [0, -1, 0],
						"2.4": [0, 0, 0]
					}
				}
			}
		},
		"animation.zombie_walker.sniffing": {
			"animation_length": 1.875,
			"override_previous_animation": true,
			"bones": {
				"head": {
					"rotation": {
						"0.0": [0, 0, 0],
						"0.5": [-70, 0, 0],
						"0.6667": [-65, 0, 0],
						"0.8333": [-70, 0, 0],
						"1.0": [-65, 0, 0],
						"1.1667": [-70, 0, 0],
						"1.3333": [-65, 0, 0],
						"1.5": [-70, 0, 0],
						"1.875": [0, 0, 0]
					}
				},
				"rightArm": {
					"rotation": {
						"0.0": [0, 0, 0],
						"0.5": [22.44077, -6.98995, 16.23666],
						"1.5": [22.44077, -6.98995, 16.23666],
						"1.875": [0, 0, 0]
					}
				},
				"leftArm": {
					"rotation": {
						"0.0": [0, 0, 0],
						"0.5": [17.78188, 8.98912, -19.83467],
						"1.5": [17.78188, 8.98912, -19.83467],
						"1.875": [0, 0, 0]
					}
				}
			}
		},
		"animation.zombie_walker_body.dead_1": {
			"loop": "hold_on_last_frame",
			"animation_length": 4,
			"bones": {
				"zombie_walker": {
					"rotation": {
						"0.0": [0, 0, 0],
						"1.0": [-105, 0, 0]
					},
					"position": {
						"0.0": [0, 0, 0],
						"0.5": [0, -11.5, 0],
						"1.0": [0, -15, 0]
					}
				},
				"head": {
					"rotation": {
						"0.0": [0, 0, 0],
						"0.5": [45, 0, 0],
						"1.0": [24.29819, 77.71695, 69.58885]
					},
					"position": {
						"0.0": [0, 0, 0],
						"0.5": [0, 0.5, 0.5],
						"1.0": [0, 5, -1]
					}
				},
				"rightArm": {
					"rotation": {
						"0.0": [0, 0, 0],
						"0.5": [-80, 0, 0],
						"1.0": [-186.65114, 72.29189, -110.97408]
					}
				},
				"leftArm": {
					"rotation": {
						"0.0": [0, 0, 0],
						"0.5": [-50, 0, 0],
						"1.0": [-18.79243, -49.30864, -92.54805]
					},
					"position": {
						"0.0": [0, 0, 0],
						"0.5": [0, -0.67, 0],
						"1.0": [3, 2, 0]
					}
				},
				"rightLeg": {
					"rotation": {
						"0.0": [0, 0, 0],
						"0.5": [-42.7365, 17.97871, 14.39161],
						"1.0": [25, 0, 0]
					}
				},
				"leftLeg": {
					"rotation": {
						"0.0": [0, 0, 0],
						"0.5": [-68.04242, -6.98505, -14.00746],
						"1.0": [13.69486, 7.56953, -18.88744]
					}
				},
				"pool": {
					"rotation": {
						"0.0": [0, 0, 0],
						"1.0": [2.5, 0, 0]
					},
					"position": {
						"0.0": [0, 0, 0],
						"1.0": [0, 0, 0],
						"4.0": [0, -8, 1.9]
					},
					"scale": {
						"0.0": [1, 1, 1],
						"1.0": [1, 1, 1],
						"4.0": [4, 4, 1]
					}
				}
			}
		},
		"animation.zombie_walker_body.dead_2": {
			"loop": "hold_on_last_frame",
			"animation_length": 4,
			"bones": {
				"zombie_walker": {
					"rotation": {
						"0.0": [0, 0, 0],
						"1.0": [-105, 0, 0]
					},
					"position": {
						"0.0": [0, 0, 0],
						"0.5": [0, -11.5, 0],
						"1.0": [0, -15, 0]
					}
				},
				"head": {
					"rotation": {
						"0.0": [0, 0, 0],
						"0.5": [-24.89413, 49.55579, 7.34757],
						"1.0": [26.6618, 78.21883, 18.15595]
					},
					"position": {
						"0.0": [0, 0, 0],
						"0.5": [0, 0.5, 0.5],
						"1.0": [-2, 2, -1]
					}
				},
				"rightArm": {
					"rotation": {
						"0.0": [0, 0, 0],
						"0.5": [-108.37137, 68.48359, -32.23712],
						"1.0": [-232.83055, 65.12084, -212.77458]
					}
				},
				"leftArm": {
					"rotation": {
						"0.0": [0, 0, 0],
						"0.5": [-46.21539, 69.93424, 20.81038],
						"1.0": [26.77167, 98.6321, 63.41663]
					},
					"position": {
						"0.0": [0, 0, 0],
						"0.5": [0, -0.67, 0],
						"1.0": [-2, 0, -1]
					}
				},
				"rightLeg": {
					"rotation": {
						"0.0": [0, 0, 0],
						"0.5": [-67.30086, -8.46856, 6.51267],
						"1.0": [20.33431, 8.54452, -37.76201]
					},
					"position": {
						"0.0": [0, 0, 0],
						"1.0": [0, 0, 1]
					}
				},
				"leftLeg": {
					"rotation": {
						"0.0": [0, 0, 0],
						"0.5": [-45.59863, -30.49173, -31.47041],
						"1.0": [7.04272, 19.46518, -51.87415]
					},
					"position": {
						"0.0": [0, 0, 0],