{
	"format_version": "1.8.0",
	"animations": {
		"animation.zombie_armless.idle": {
			"loop": true,
			"animation_length": 2,
			"bones": {
				"body": {
					"rotation": {
						"0.0": [0, 0, 0],
						"1.0": [-2.5, 0, 0],
						"2.0": [0, 0, 0]
					}
				},
				"head": {
					"position": {
						"0.0": [0, 0, 0],
						"1.0": [0, 0, 0.5],
						"2.0": [0, 0, 0]
					}
				},
				"rightArm": {
					"rotation": {
						"0.0": [0, 0, 0],
						"1.0": [0, 0, 5],
						"2.0": [0, 0, 0]
					}
				},
				"leftArm": {
					"rotation": {
						"0.0": [0, 0, 0],
						"1.0": [0, 0, -5],
						"2.0": [0, 0, 0]
					}
				}
			}
		},
		"animation.zombie_armless.walking": {
			"loop": true,
			"animation_length": 2.4,
			"bones": {
				"true_zombie_walker": {
					"rotation": {
						"0.0": [0, 0, 0],
						"0.4": [10, 0, -2.5],
						"0.8": [0, 0, 0],
						"1.2": [7.5, 0, -2.5],
						"1.6": [0, 0, 0]
					},
					"position": {
						"0.0": [0, 0, 0],
						"0.4": [0, 1, 0],
						"0.8": [0, 0, 0],
						"1.2": [0, 1, 0],
						"1.6": [0, 0, 0]
					}
				},
				"body": {
					"rotation": {
						"0.0": [0, 0, 0],
						"0.3": [2.62353, 7.24305, 1.95155],
						"0.6": [5, 0, 0],
						"0.9": [2.62353, -7.24305, -1.95155],
						"1.2": [0, 0, 0],
						"1.5": [2.62353, 7.24305, 1.95155],
						"1.8": [5, 0, 0],
						"2.1": [2.62353, -7.24305, -1.95155],
						"2.4": [0, 0, 0]
					}
				},
				"head": {
					"rotation": {
						"0.0": [-20, 0, 0],
						"0.3": [-10.10985, 1.40818, -7.38023],
						"0.6": [-10, 0, 0],
						"0.9": [-12.52052, 0.04086, 7.82961],
						"1.2": [-20, 0, 0],
						"1.5": [-15.4745, 4.84122, -14.05933],
						"1.8": [-10, 0, 0],
						"2.1": [-9.95524, -0.93447, 10.39337],
						"2.4": [-20, 0, 0]
					},
					"position": {
						"0.0": [0, 0, 0],
						"0.6": [0, -1, -1],
						"1.2": [0, 0, 0],
						"1.8": [0, -1, -1],
						"2.4": [0, 0, 0]
					}
				},
				"rightArm": {
					"rotation": {
						"0.0": [-62.73129, -7.33556, -1.57997],
						"0.3": [-69.61794, -1.12769, 6.48949],
						"0.9": [-53.27717, -11.1905, -8.36441],
						"1.2": [-62.73129, -7.33556, -1.57997],
						"1.5": [-70.31768, -11.63635, 5.03364],
						"2.1": [-62.58144, -10.37291, 27.32987],
						"2.4": [-62.73129, -7.33556, -1.57997]
					},
					"position": {
						"0.0": [0, 0, 0],
						"0.6": [0, -1, -1],
						"1.2": [0, 0, 0],
						"1.8": [0, -1, -1],
						"2.4": [0, 0, 0]
					}
				},
				"leftArm": {
					"rotation": {
						"0.0": [-56.0061, 17.22888, 3.24028],
						"0.3": [-44.78029, 29.22457, -2.91794],
						"0.9": [-65.82028, 11.79257, -3.22259],
						"1.2": [-56.0061, 17.22888, 3.24028],
						"1.5": [-44.47185, 21.25441, -24.93109],
						"2.1": [-63.78118, 34.05756, 11.86259],
						"2.4": [-56.0061, 17.22888, 3.24028]
					},
					"position": {
						"0.0": [0, 0, 0],
						"0.6": [0, -1, -1],
						"1.2": [0, 0, 0],
						"1.8": [0, -1, -1],
						"2.4": [0, 0, 0]
					}
				},
				"rightLeg": {
					"rotation": {
						"0.0": [0, 0, 0],
						"0.3": [-30, 0, 0],
						"0.6": [0, 0, 0],
						"0.9": [35, 0, 0],
						"1.2": [0, 0, 0],
						"1.5": [-30, 0, 0],
						"1.8": [0, 0, 0],
						"2.1": [35, 0, 0],
						"2.4": [0, 0, 0]
					}
				},
				"leftLeg": {
					"rotation": {
						"0.0": [0, 0, 0],
						"0.3": [20, 0, 0],
						"0.6": [0, 0, 0],
						"0.9": [-15, 0, 0],
						"1.2": [0, 0, 0],
						"1.5": [20, 0, 0],
						"1.8": [0, 0, 0],
						"2.1": [-15, 0, 0],
						"2.4": [0, 0, 0]
					}
				},
				"zombie_walker": {
					"position": {
						"0.0": [0, 0, 0],
						"0.3": [0, -1, 0],
						"0.6": [0, 0, 0],
						"0.9": [0, -1, 0],
						"1.2": [0, 0, 0],
						"1.5": [0, -1, 0],
						"1.8": [0, 0, 0],
						"2.1": [0, -1, 0],
						"2.4": [0, 0, 0]
					}
				}
			}
		}
	}
}