{
	"format_version": "1.8.0",
	"animations": {
		"animation.mbl_chainsaw.first_person_hold": {
			"loop": true,
			"bones": {
				"root_item": {
					"rotation": [37.62497, 60.27006, 282.82868],
					"position": [2, 10, 9],
					"scale": 1.2
				}
			}
		},
		"animation.mbl_chainsaw.third_person_hold": {
			"loop": true,
			"bones": {
				"root_item": {
					"rotation": [17.46148, -9.99038, 0.44067],
					"position": [1, 16, -1],
					"scale": 0.75
				},
				"rightItem": {
					"position": [0, 28, 0]
				}
			}
		},
		"animation.mbl_chainsaw.first_person_idle_hold": {
			"loop": true,
			"animation_length": 1,
			"bones": {
				"root_item": {
					"rotation": {
						"0.0": [37.62497, 60.27006, 282.82868],
						"0.125": [35.12497, 60.27006, 282.82868],
						"0.25": [37.62497, 60.27006, 282.82868],
						"0.375": [35.12497, 60.27006, 282.82868],
						"0.5": [37.62497, 60.27006, 282.82868],
						"0.625": [35.12497, 60.27006, 282.82868],
						"0.75": [37.62497, 60.27006, 282.82868],
						"0.875": [35.12497, 60.27006, 282.82868],
						"1.0": [37.62497, 60.27006, 282.82868]
					},
					"position": {
						"0.0": [2, 10, 9],
						"0.25": [2, 10, 9],
						"0.5": [2, 10, 9],
						"0.75": [2, 10, 9],
						"1.0": [2, 10, 9]
					},
					"scale": {
						"0.0": [1.2, 1.2, 1.2],
						"0.25": [1.2, 1.2, 1.2],
						"0.5": [1.2, 1.2, 1.2],
						"0.75": [1.2, 1.2, 1.2],
						"1.0": [1.2, 1.2, 1.2]
					}
				}
			}
		},
		"animation.mbl_chainsaw.first_person_attack": {
			"loop": true,
			"animation_length": 1,
			"bones": {
				"root_item": {
					"rotation": {
						"0.0": [37.62497, 60.27006, 282.82868],
						"0.1667": [10.12497, 60.27006, 282.82868],
						"1.0": [37.62497, 60.27006, 282.82868]
					},
					"position": {
						"0.0": [2, 10, 9],
						"0.1667": [0.71829, 8.79683, 8.04627],
						"1.0": [2, 10, 9]
					},
					"scale": {
						"0.0": [1.2, 1.2, 1.2],
						"1.0": [1.2, 1.2, 1.2]
					}
				}
			}
		},
		"animation.mbl_chainsaw.third_person_idle_hold": {
			"loop": true,
			"animation_length": 1,
			"bones": {
				"root_item": {
					"rotation": {
						"0.0": [17.46148, -9.99038, 0.44067],
						"0.125": [14.96, -9.99, 0.44],
						"0.25": [17.46148, -9.99038, 0.44067],
						"0.375": [14.96, -9.99, 0.44],
						"0.5": [17.46148, -9.99038, 0.44067],
						"0.625": [14.96, -9.99, 0.44],
						"0.75": [17.46148, -9.99038, 0.44067],
						"0.875": [14.96, -9.99, 0.44],
						"1.0": [17.46148, -9.99038, 0.44067]
					},
					"position": {
						"0.0": [1, 16, -1],
						"0.25": [1, 16, -1],
						"0.5": [1, 16, -1],
						"0.75": [1, 16, -1],
						"1.0": [1, 16, -1]
					},
					"scale": {
						"0.0": [0.75, 0.75, 0.75],
						"0.25": [0.75, 0.75, 0.75],
						"0.5": [0.75, 0.75, 0.75],
						"0.75": [0.75, 0.75, 0.75],
						"1.0": [0.75, 0.75, 0.75]
					}
				},
				"rightItem": {
					"position": [0, 28, 0]
				}
			}
		},
		"animation.mbl_chainsaw.third_person_attack": {
			"loop": true,
			"animation_length": 1,
			"bones": {
				"root_item": {
					"rotation": {
						"0.0": [17.46148, -9.99038, 0.44067],
						"0.1667": [-10.04, -9.99, 0.44],
						"1.0": [17.46148, -9.99038, 0.44067]
					},
					"position": {
						"0.0": [1, 16, -1],
						"0.1667": [1, 16.96593, -1.25882],
						"1.0": [1, 16, -1]
					},
					"scale": {
						"0.0": [0.75, 0.75, 0.75],
						"1.0": [0.75, 0.75, 0.75]
					}
				},
				"rightItem": {
					"position": [0, 28, 0]
				}
			}
		}
	}
}