{
	"format_version": "1.8.0",
	"animations": {
		"animation.zombie_bloater_body.dead_1": {
			"loop": "hold_on_last_frame",
			"animation_length": 4,
			"bones": {
				"zombie_bloater": {
					"rotation": {
						"0.0": [0, 0, 0],
						"1.0": [-105, 0, 0]
					},
					"position": {
						"0.0": [0, 0, 0],
						"0.5": [0, -11.5, 0],
						"1.0": [0, -15, 0]
					}
				},
				"head": {
					"rotation": {
						"0.0": [0, 0, 0],
						"0.5": [45, 0, 0],
						"1.0": [24.29819, 77.71695, 69.58885]
					},
					"position": {
						"0.0": [0, 0, 0],
						"0.5": [0, 0.5, 0.5],
						"1.0": [0, 5, -1]
					}
				},
				"rightArm": {
					"rotation": {
						"0.0": [0, 0, 0],
						"0.5": [-80, 0, 0],
						"1.0": [-186.65114, 72.29189, -110.97408]
					}
				},
				"leftArm": {
					"rotation": {
						"0.0": [0, 0, 0],
						"0.5": [-50, 0, 0],
						"1.0": [-18.79243, -49.30864, -92.54805]
					},
					"position": {
						"0.0": [0, 0, 0],
						"0.5": [0, -0.67, 0],
						"1.0": [3, 2, 0]
					}
				},
				"rightLeg": {
					"rotation": {
						"0.0": [0, 0, 0],
						"0.5": [-42.7365, 17.97871, 14.39161],
						"1.0": [25, 0, 0]
					}
				},
				"leftLeg": {
					"rotation": {
						"0.0": [0, 0, 0],
						"0.5": [-68.04242, -6.98505, -14.00746],
						"1.0": [13.69486, 7.56953, -18.88744]
					}
				},
				"pool": {
					"rotation": {
						"0.0": [0, 0, 0],
						"1.0": [2.5, 0, 0]
					},
					"position": {
						"0.0": [0, 0, 0],
						"1.0": [0, 0, 0],
						"4.0": [0, -8, 1.9]
					},
					"scale": {
						"0.0": [1, 1, 1],
						"1.0": [1, 1, 1],
						"4.0": [4, 4, 1]
					}
				}
			}
		},
		"animation.zombie_bloater_body.dead_2": {
			"loop": "hold_on_last_frame",
			"animation_length": 4,
			"bones": {
				"zombie_bloater": {
					"rotation": {
						"0.0": [0, 0, 0],
						"1.0": [-105, 0, 0]
					},
					"position": {
						"0.0": [0, 0, 0],
						"0.5": [0, -11.5, 0],
						"1.0": [0, -15, 0]
					}
				},
				"head": {
					"rotation": {
						"0.0": [0, 0, 0],
						"0.5": [-24.89413, 49.55579, 7.34757],
						"1.0": [26.6618, 78.21883, 18.15595]
					},
					"position": {
						"0.0": [0, 0, 0],
						"0.5": [0, 0.5, 0.5],
						"1.0": [-2, 2, -1]
					}
				},
				"rightArm": {
					"rotation": {
						"0.0": [0, 0, 0],
						"0.5": [-108.37137, 68.48359, -32.23712],
						"1.0": [-232.83055, 65.12084, -212.77458]
					}
				},
				"leftArm": {
					"rotation": {
						"0.0": [0, 0, 0],
						"0.5": [-46.21539, 69.93424, 20.81038],
						"1.0": [26.77167, 98.6321, 63.41663]
					},
					"position": {
						"0.0": [0, 0, 0],
						"0.5": [0, -0.67, 0],
						"1.0": [-2, 0, -1]
					}
				},
				"rightLeg": {
					"rotation": {
						"0.0": [0, 0, 0],
						"0.5": [-67.30086, -8.46856, 6.51267],
						"1.0": [20.33431, 8.54452, -37.76201]
					},
					"position": {
						"0.0": [0, 0, 0],
						"1.0": [0, 0, 1]
					}
				},
				"leftLeg": {
					"rotation": {
						"0.0": [0, 0, 0],
						"0.5": [-45.59863, -30.49173, -31.47041],
						"1.0": [7.04272, 19.46518, -51.87415]
					},
					"position": {
						"0.0": [0, 0, 0],
						"1.0": [5, 0, 1]
					}
				},
				"pool": {
					"rotation": {
						"0.0": [0, 0, 0],
						"1.0": [2.5, 0, 0]
					},
					"position": {
						"0.0": [0, 0, 0],
						"1.0": [0, 0, 0],
						"4.0": [0, -8, 1.9]
					},
					"scale": {
						"0.0": [1, 1, 1],
						"1.0": [1, 1, 1],
						"4.0": [4, 4, 1]
					}
				},
				"body": {
					"rotation": {
						"0.0": [0, 0, 0],
						"0.5": [0, 17.5, 0],
						"1.0": [0, 2.5, 0]
					}
				}
			}
		},
		"animation.zombie_bloater_body.dead_3": {
			"loop": "hold_on_last_frame",
			"animation_length": 4,
			"bones": {
				"zombie_bloater": {
					"rotation": {
						"0.0": [0, 0, 0],
						"1.0": [-105, 0, 0]
					},
					"position": {
						"0.0": [0, 0, 0],
						"0.5": [0, -11.5, 0],
						"1.0": [0, -15, 0]
					}
				},
				"head": {
					"rotation": {
						"0.0": [0, 0, 0],
						"0.5": [11.13413, -51.86945, -10.40523],
						"1.0": [-28.46646, -40.53074, -51.82352]
					},
					"position": {
						"0.0": [0, 0, 0],
						"0.5": [0, 0.5, 0.5],
						"1.0": [1, 2, -1]
					}
				},
				"rightArm": {
					"rotation": {
						"0.0": [0, 0, 0],
						"0.5": [-80.40097, 12.44199, -1.27022],
						"1.0": [-193.49837, 70.96017, -130.43557]
					},
					"position": {
						"0.0": [0, 0, 0],
						"0.5": [2, 0, -4],
						"1.0": [-2, 0, -1]
					}
				},
				"leftArm": {
					"rotation": {
						"0.0": [0, 0, 0],
						"0.5": [-50.31629, 2.40872, 0.74037],
						"1.0": [86.42623, -49.16402, -117.3864]
					},
					"position": {
						"0.0": [0, 0, 0],
						"0.5": [0, -0.67, 0],
						"1.0": [1, 0, -1]
					}
				},
				"rightLeg": {
					"rotation": {
						"0.0": [0, 0, 0],
						"0.5": [-86.74521, 38.8899, -35.76259],
						"1.0": [19.93075, -20.49083, 43.28582]
					},
					"position": {
						"0.0": [0, 0, 0],
						"1.0": [-5, 0, 1]
					}
				},
				"leftLeg": {
					"rotation": {
						"0.0": [0, 0, 0],
						"0.5": [-45.59863, -30.49173, -31.47041],
						"1.0": [7.5661, 12.25693, -20.15836]
					},
					"position": {
						"0.0": [0, 0, 0],
						"0.5": [-0.5, 0, 0.5],
						"1.0": [1, 0, 1]
					}
				},
				"pool": {
					"rotation": {
						"0.0": [0, 0, 0],
						"1.0": [2.5, 0, 0]
					},
					"position": {
						"0.0": [0, 0, 0],
						"1.0": [0, 0, 0],
						"4.0": [0, -8, 1.9]
					},
					"scale": {
						"0.0": [1, 1, 1],
						"1.0": [1, 1, 1],
						"4.0": [4, 4, 1]
					}
				},
				"body": {
					"rotation": {
						"0.0": [0, 0, 0],
						"0.5": [0, -25, 0],
						"1.0": [0, 0, 0]
					}
				}
			}
		},
		"animation.zombie_bloater_body.dead_4": {
			"loop": "hold_on_last_frame",
			"animation_length": 4,
			"bones": {
				"zombie_bloater": {
					"rotation": {
						"0.0": [0, 0, 0],
						"1.0": [-105, 0, 0]
					},
					"position": {
						"0.0": [0, 0, 0],
						"0.5": [0, -11.5, 0],
						"1.0": [0, -15, 0]
					}
				},
				"head": {
					"rotation": {
						"0.0": [0, 0, 0],
						"0.5": [7.2984, -14.39812, -8.40182],
						"1.0": [20.26513, -27.0128, -70.93397]
					},
					"position": {
						"0.0": [0, 0, 0],
						"0.5": [0, 0.5, 0.5],
						"1.0": [1, 2, 1]
					}
				},
				"rightArm": {
					"rotation": {
						"0.0": [0, 0, 0],
						"0.5": [-205.99837, 70.96017, -130.43557],
						"1.0": [-79.23361, 72.37306, 41.37761]
					},
					"position": {
						"0.0": [0, 0, 0],
						"0.5": [-1, 0, -2],
						"1.0": [-2, 0, -1]
					}
				},
				"leftArm": {
					"rotation": {
						"0.0": [0, 0, 0],
						"0.5": [-39.26538, -30.56113, -15.49574],
						"1.0": [-1.07377, -49.16402, -117.3864]
					},
					"position": {
						"0.0": [0, 0, 0],
						"0.5": [1, -0.67, 0],
						"1.0": [2, 0, -1]
					}
				},
				"rightLeg": {
					"rotation": {
						"0.0": [0, 0, 0],
						"0.5": [-21.74932, 27.15098, 66.36555],
						"1.0": [3.17455, -8.53031, 108.74511]
					},
					"position": {
						"0.0": [0, 0, 0],
						"0.5": [-0.5, 0, 0.5],
						"1.0": [0, 0, 1]
					}
				},
				"leftLeg": {
					"rotation": {
						"0.0": [0, 0, 0],
						"0.5": [-62.22377, -7.9801, -7.05995],
						"1.0": [7.71894, 16.73734, -39.65562]
					},
					"position": {
						"0.0": [0, 0, 0],
						"0.5": [-0.5, 0, 0.5],
						"1.0": [1, 0, 1]
					}
				},
				"pool": {
					"rotation": {
						"0.0": [0, 0, 0],
						"1.0": [2.5, 0, 0]
					},
					"position": {
						"0.0": [0, 0, 0],
						"1.0": [0, 0, 0],
						"4.0": [0, -8, 1.9]
					},
					"scale": {
						"0.0": [1, 1, 1],
						"1.0": [1, 1, 1],
						"4.0": [4, 4, 1]
					}
				},
				"body": {
					"rotation": {
						"0.0": [0, 0, 0],