{
	"format_version": "1.8.0",
	"animations": {
		"animation.zombie_crawler.idle": {
			"loop": true,
			"animation_length": 2,
			"bones": {
				"body": {
					"position": {
						"0.0": [0, 0, 0],
						"1.0": [0, 0, -0.3],
						"2.0": [0, 0, 0]
					}
				},
				"head": {
					"position": {
						"0.0": [0, 0, 0],
						"1.0": [0, 0, -0.3],
						"2.0": [0, 0, 0]
					}
				}
			}
		},
		"animation.zombie_crawler.walking": {
			"loop": true,
			"animation_length": 2,
			"bones": {
				"zombie_crawler": {
					"position": {
						"0.0": [0, 0, 0],
						"0.5": [0, -0.3, 0],
						"1.0": [0, 0, 0],
						"1.5": [0, -0.3, 0],
						"2.0": [0, 0, 0]
					}
				},
				"body": {
					"rotation": {
						"0.0": [0, 0, 0],
						"0.5": [0, -7.5, 0],
						"1.0": [0, 0, 0],
						"1.5": [0, 7.5, 0],
						"2.0": [0, 0, 0]
					}
				},
				"head": {
					"rotation": {
						"0.0": [0, 0, 0],
						"0.5": [7.5, 0, 0],
						"1.0": [0, 0, 0],
						"1.5": [-5, 0, 0],
						"2.0": [0, 0, 0]
					}
				},
				"rightArm": {
					"rotation": {
						"0.0": [0, 0, 0],
						"0.5": [5, 0, 0],
						"1.0": [0, 0, 0],
						"1.5": [4.88757, 0.48437, -2.45521],
						"2.0": [0, 0, 0]
					}
				},
				"leftArm": {
					"rotation": {
						"0.0": [0, 0, 0],
						"0.5": [-34.37321, 25.081, -10.99113],
						"1.0": [0, 0, 0],
						"1.5": [48.17807, 0.90317, -8.74722],
						"2.0": [0, 0, 0]
					}
				},
				"leftLeg": {
					"rotation": {
						"0.0": [0, 0, 0],
						"0.5": [-2.66518, 1.73597, -2.80469],
						"1.0": [0, 0, 0],
						"1.5": [0.76979, -1.05684, 7.39285],
						"2.0": [0, 0, 0]
					}
				}
			}
		},
		"animation.zombie_crawler.attacking": {
			"loop": true,
			"animation_length": 1,
			"override_previous_animation": true,
			"bones": {
				"body": {
					"rotation": {
						"0.0": [0, 0, 0],
						"0.2917": [0, -7.5, 0],
						"0.5": [0, 0, 0],
						"1.0": [0, 0, 0]
					}
				},
				"head": {
					"rotation": {
						"0.0": [0, 0, 0],
						"0.2917": [-15, 0, 0],
						"0.5": [-12.5, 0, 0],
						"1.0": [0, 0, 0]
					}
				},
				"leftArm": {
					"rotation": {
						"0.0": [0, 0, 0],
						"0.2917": [-62.5, 0, 0],
						"0.5": [-44.72031, 39.96494, -35.60077],
						"1.0": [0, 0, 0]
					}
				}
			}
		}
	}
}