{
	"format_version": "1.8.0",
	"animations": {
		"animation.zombie_nether.idle": {
			"loop": true,
			"animation_length": 2,
			"bones": {
				"body": {
					"rotation": {
						"0.0": [0, 0, 0],
						"1.0": [-2.5, 0, 0],
						"2.0": [0, 0, 0]
					}
				},
				"head": {
					"position": {
						"0.0": [0, 0, 0],
						"1.0": [0, 0, 0.5],
						"2.0": [0, 0, 0]
					}
				},
				"rightArm": {
					"rotation": {
						"0.0": [0, 0, 0],
						"1.0": [0, 0, 5],
						"2.0": [0, 0, 0]
					}
				},
				"leftArm": {
					"rotation": {
						"0.0": [0, 0, 0],
						"1.0": [0, 0, -5],
						"2.0": [0, 0, 0]
					}
				}
			}
		},
		"animation.zombie_nether.walking": {
			"loop": true,
			"animation_length": 2.4,
			"bones": {
				"true_zombie_walker": {
					"rotation": {
						"0.0": [0, 0, 0],
						"0.4": [10, 0, -2.5],
						"0.8": [0, 0, 0],
						"1.2": [7.5, 0, -2.5],
						"1.6": [0, 0, 0]
					},
					"position": {
						"0.0": [0, 0, 0],
						"0.4": [0, 1, 0],
						"0.8": [0, 0, 0],
						"1.2": [0, 1, 0],
						"1.6": [0, 0, 0]
					}
				},
				"body": {
					"rotation": {
						"0.0": [0, 0, 0],
						"0.3": [2.62353, 7.24305, 1.95155],
						"0.6": [5, 0, 0],
						"0.9": [2.62353, -7.24305, -1.95155],
						"1.2": [0, 0, 0],
						"1.5": [2.62353, 7.24305, 1.95155],
						"1.8": [5, 0, 0],
						"2.1": [2.62353, -7.24305, -1.95155],
						"2.4": [0, 0, 0]
					}
				},
				"head": {
					"rotation": {
						"0.0": [-20, 0, 0],
						"0.3": [-10.10985, 1.40818, -7.38023],
						"0.6": [-10, 0, 0],
						"0.9": [-12.52052, 0.04086, 7.82961],
						"1.2": [-20, 0, 0],
						"1.5": [-15.4745, 4.84122, -14.05933],
						"1.8": [-10, 0, 0],
						"2.1": [-9.95524, -0.93447, 10.39337],
						"2.4": [-20, 0, 0]
					},
					"position": {
						"0.0": [0, 0, 0],
						"0.6": [0, -1, -1],
						"1.2": [0, 0, 0],
						"1.8": [0, -1, -1],
						"2.4": [0, 0, 0]
					}
				},
				"rightArm": {
					"rotation": {
						"0.0": [-62.73129, -7.33556, -1.57997],
						"0.3": [-69.61794, -1.12769, 6.48949],
						"0.9": [-53.27717, -11.1905, -8.36441],
						"1.2": [-62.73129, -7.33556, -1.57997],
						"1.5": [-70.31768, -11.63635, 5.03364],
						"2.1": [-62.58144, -10.37291, 27.32987],
						"2.4": [-62.73129, -7.33556, -1.57997]
					},
					"position": {
						"0.0": [0, 0, 0],
						"0.6": [0, -1, -1],
						"1.2": [0, 0, 0],
						"1.8": [0, -1, -1],
						"2.4": [0, 0, 0]
					}
				},
				"leftArm": {
					"rotation": {
						"0.0": [-56.0061, 17.22888, 3.24028],
						"0.3": [-44.78029, 29.22457, -2.91794],
						"0.9": [-65.82028, 11.79257, -3.22259],
						"1.2": [-56.0061, 17.22888, 3.24028],
						"1.5": [-44.47185, 21.25441, -24.93109],
						"2.1": [-63.78118, 34.05756, 11.86259],
						"2.4": [-56.0061, 17.22888, 3.24028]
					},
					"position": {
						"0.0": [0, 0, 0],
						"0.6": [0, -1, -1],
						"1.2": [0, 0, 0],
						"1.8": [0, -1, -1],
						"2.4": [0, 0, 0]
					}
				},
				"rightLeg": {
					"rotation": {
						"0.0": [0, 0, 0],
						"0.3": [-30, 0, 0],
						"0.6": [0, 0, 0],
						"0.9": [35, 0, 0],
						"1.2": [0, 0, 0],
						"1.5": [-30, 0, 0],
						"1.8": [0, 0, 0],
						"2.1": [35, 0, 0],
						"2.4": [0, 0, 0]
					}
				},
				"leftLeg": {
					"rotation": {
						"0.0": [0, 0, 0],
						"0.3": [20, 0, 0],
						"0.6": [0, 0, 0],
						"0.9": [-15, 0, 0],
						"1.2": [0, 0, 0],
						"1.5": [20, 0, 0],
						"1.8": [0, 0, 0],
						"2.1": [-15, 0, 0],
						"2.4": [0, 0, 0]
					}
				},
				"zombie_walker": {
					"position": {
						"0.0": [0, 0, 0],
						"0.3": [0, -1, 0],
						"0.6": [0, 0, 0],
						"0.9": [0, -1, 0],
						"1.2": [0, 0, 0],
						"1.5": [0, -1, 0],
						"1.8": [0, 0, 0],
						"2.1": [0, -1, 0],
						"2.4": [0, 0, 0]
					}
				}
			}
		},
		"animation.zombie_nether.attacking": {
			"loop": true,
			"animation_length": 1,
			"override_previous_animation": true,
			"bones": {
				"body": {
					"rotation": {
						"0.0": [0, 0, 0],
						"0.3333": [-25, 0, 0],
						"0.6667": [15, 0, 0],
						"1.0": [0, 0, 0]
					}
				},
				"head": {
					"rotation": {
						"0.0": [0, 0, 0],
						"0.3333": [-77.5, 0, 0],
						"0.6667": [30, 0, 0],
						"1.0": [0, 0, 0]
					},
					"position": {
						"0.0": [0, 0, 0],
						"0.3333": [0, 0, 6],
						"0.6667": [0, 0, -3],
						"1.0": [0, 0, 0]
					}
				},
				"rightArm": {
					"rotation": {
						"0.0": [0, 0, 0],
						"0.3333": [-118.94184, -7.10273, 7.12271],
						"0.6667": [-17.06348, -10.49324, -17.1736],
						"1.0": [0, 0, 0]
					},
					"position": {
						"0.0": [0, 0, 0],
						"0.3333": [0, 0, 4],
						"0.6667": [0, 0, -4],
						"1.0": [0, 0, 0]
					}
				},
				"leftArm": {
					"rotation": {
						"0.0": [0, 0, 0],
						"0.3333": [-114.18649, 12.57092, -16.6294],
						"0.6667": [-7.14555, 26.51576, 7.3126],
						"1.0": [0, 0, 0]
					},
					"position": {
						"0.0": [0, 0, 0],
						"0.3333": [0, 0, 4],
						"0.6667": [0, 0, -3],
						"1.0": [0, 0, 0]
					}
				}
			}
		},
		"animation.zombie_nether.sniffing": {
			"animation_length": 1.875,
			"override_previous_animation": true,
			"bones": {
				"head": {
					"rotation": {
						"0.0": [0, 0, 0],
						"0.5": [-70, 0, 0],
						"0.6667": [-65, 0, 0],
						"0.8333": [-70, 0, 0],
						"1.0": [-65, 0, 0],
						"1.1667": [-70, 0, 0],
						"1.3333": [-65, 0, 0],
						"1.5": [-70, 0, 0],
						"1.875": [0, 0, 0]
					}
				},
				"rightArm": {
					"rotation": {
						"0.0": [0, 0, 0],
						"0.5": [22.44077, -6.98995, 16.23666],
						"1.5": [22.44077, -6.98995, 16.23666],
						"1.875": [0, 0, 0]
					}
				},
				"leftArm": {
					"rotation": {
						"0.0": [0, 0, 0],
						"0.5": [17.78188, 8.98912, -19.83467],
						"1.5": [17.78188, 8.98912, -19.83467],
						"1.875": [0, 0, 0]
					}
				}
			}
		},
		"animation.zombie_nether.eating": {
			"loop": true,
			"animation_length": 1,
			"override_previous_animation": true,
			"bones": {
				"zombie_walker": {
					"position": [0, -10, 0]
				},
				"body": {
					"rotation": {
						"0.0": [27.5, 0, 0],
						"0.5": [22.5, 0, 0],
						"1.0": [27.5, 0, 0]
					}
				},
				"head": {
					"rotation": {
						"0.0": [12.5, 0, 0],
						"0.5": [37.5, 0, 0],
						"1.0": [12.5, 0, 0]
					},
					"position": [0, -1, -4]
				},
				"rightArm": {
					"rotation": {
						"0.0": [-2.908, -1.45374, -2.07444],
						"0.5": [-1.94928, 0.07366, 2.7822],
						"1.0": [-2.908, -1.45374, -2.07444]
					},
					"position": [0, 0, -4]
				},
				"leftArm": {
					"rotation": {
						"0.0": [-17.5, 0, 0],
						"0.5": [-21.43152, 43.56898, 42.47752],
						"1.0": [-17.5, 0, 0]
					},
					"position": [0, -1, -4]
				},
				"rightLeg": {
					"rotation": [94.72509, -37.46315, 1.7149]
				},
				"leftLeg": {
					"rotation": [85.23417, 37.35131, 3.40535]
				}
			}
		}
	}
}