{
	"format_version": "1.8.0",
	"animations": {
		"animation.dog_body.dead_1": {
			"loop": "hold_on_last_frame",
			"animation_length": 4,
			"bones": {
				"dog": {
					"rotation": {
						"0.0": [0, 0, 0],
						"0.5": [-20, 0, 0],
						"1.0": [0.85481, 0.01753, -92.34914]
					},
					"position": {
						"0.0": [0, 0, 0],
						"0.5": [0, 2, 0],
						"1.0": [0, -7, 0]
					}
				},
				"tail": {
					"rotation": {
						"0.0": [0, 0, 0],
						"0.5": [70, 0, 0],
						"1.0": [72.68944, -20.25437, -14.97401]
					}
				},
				"leg3": {
					"rotation": {
						"0.0": [0, 0, 0],
						"0.5": [-12.5, 0, 0],
						"1.0": [2.86154, 7.9972, 39.32466]
					}
				},
				"leg2": {
					"rotation": {
						"0.0": [0, 0, 0],
						"0.5": [-37.5, 0, 0],
						"1.0": [-36.19714, 10.54794, 14.04397]
					}
				},
				"leg1": {
					"rotation": {
						"0.0": [0, 0, 0],
						"0.5": [-35, 0, 0],
						"1.0": [-25.31665, 25.01686, 41.79505]
					}
				},
				"leg0": {
					"rotation": {
						"0.0": [0, 0, 0],
						"0.5": [-67.5, 0, 0],
						"1.0": [-66.21227, 18.42031, 7.92945]
					}
				},
				"body": {
					"rotation": {
						"0.0": [0, 0, 0],
						"4.0": [0, 0, 2.5]
					}
				},
				"head": {
					"rotation": {
						"0.0": [0, 0, 0],
						"0.5": [-37.5, 0, 0],
						"1.0": [-19.29242, 18.52829, -12.56446]
					}
				},
				"blood": {
					"position": {
						"0.0": [0, 0, 0],
						"1.0": [-3.8, 0, 0],
						"4.0": [-3.8, 0, -1]
					},
					"scale": {
						"0.0": [1, 1, 1],
						"1.0": [1, 1, 1],
						"4.0": [1, 4, 4]
					}
				}
			}
		}
	}
}